coin_id,coin_symbol,coin_name,asset_platform_id,block_time_in_minutes,hashing_algorithm,links_twitter,links_reddit,country_origin,genesis_date,sentiment_votes_up_percentage,sentiment_votes_down_percentage,watchlist_portfolio_users,market_cap_rank,market_current_price,market_ath,market_ath_date,market_atl,market_atl_date,market_market_cap,market_fully_diluted_valuation,market_total_volume,market_high_24h,market_low_24h,market_price_change_24h,market_price_change_percentage_24h,market_price_change_percentage_7d,market_price_change_percentage_14d,market_price_change_percentage_30d,market_price_change_percentage_60d,market_price_change_percentage_200d,market_price_change_percentage_1y,market_market_cap_change_24h,market_market_cap_change_percentage_24h,market_total_supply,market_max_supply,market_circulating_supply,market_last_updated,dev_forks,dev_stars,dev_subscribers,dev_total_issues,dev_closed_issues,dev_pull_requests_merged,dev_pull_requests_contributors,dev_commit_count_4_weeks
_,gib,༼ つ ◕_◕ ༽つ,hedera-hashgraph,0,,gib_plz,,,,100.0,0.0,212,2202,0.0060516,0.00750288,2025-08-22T15:53:44.927Z,0.00036907,2025-04-07T06:59:47.999Z,5906818.0,5906818.0,36106.0,0.00660511,0.00590396,-0.000481221304678072,-7.36621,6.80439,9.34973,-9.72399,214.18571,0.0,0.0,-561916.187875857,-8.68665,980000000.0,980000000.0,980000000.0,2025-08-25T18:54:14.483Z,0,0,0,0,0,0,,0
000-capital,000,000 Capital,solana,0,,000_Capital,,,,,,28,6535,0.00017965,0.00244654,2025-05-26T18:43:42.298Z,0.00014311,2025-08-02T18:56:51.179Z,179648.0,179648.0,334.5,0.00019569,0.00017876,-0.000011821970524986,-6.17431,8.74188,5.31947,-22.865,-11.3055,0.0,0.0,-11821.9705249859,-6.17431,1000000000.0,1000000000.0,1000000000.0,2025-08-25T18:49:54.017Z,0,0,0,0,0,0,,0
01111010011110000110001001110100-token,01111010011110000110001001110100,01111010011110000110001001110100,base,0,,zxbt_agent,,"",,,,30,2574,0.00774081,0.01755527,2025-08-11T05:53:30.090Z,0.00370621,2025-08-17T01:37:14.311Z,3925861.0,7740653.0,651261.0,0.01054062,0.00682242,0.00088685,12.93931,-10.14469,-46.83334,0.0,0.0,0.0,0.0,486716.0,14.15225,1000000000.0,1000000000.0,507174448.2496195,2025-08-25T18:52:38.305Z,0,0,0,0,0,0,,0
0chain,zcn,Zus,ethereum,0,Delegated Proof-of-Stake,zus_network,https://www.reddit.com/r/0chain/,"",,,,5631,5171,0.00961789,5.16,2021-11-10T12:21:06.184Z,2.65e-9,2021-12-14T21:31:35.868Z,465786.0,3849396.0,613.56,0.00981579,0.00566761,0.00218303,29.36213,5.39585,10.22011,56.9504,38.09144,-66.27783,-86.23495,105932.0,29.43752,400000000.0,,48400982.0,2025-08-25T18:53:51.601Z,1,2,5,0,0,13,,6
0dog,0dog,Bitcoin Dogs,ethereum,0,,BitcoinDogsClub,https://www.reddit.com/r/BitcoinDogsClub/,"",,,,605,,0.00001716,0.04934202,2024-08-22T23:04:46.549Z,6.35e-6,2025-07-23T13:53:20.010Z,0.0,13017.99,759.94,,,,,0.0,0.0,-6.49751,-71.5404,-96.97156,-99.92086,,,758831683.2146399,758831683.2146399,0.0,2025-08-11T11:00:10.447Z,0,0,0,0,0,0,,0
0-knowledge-network,0kn,0 Knowledge Network,ethereum,0,,_zknet,,"",,,,1869,8150,7.68e-6,0.00319787,2024-01-14T12:44:51.233Z,2.43e-6,2025-04-09T11:45:57.691Z,61377.0,76831.0,44.88,7.77e-6,7.67e-6,-7.3708584015e-8,-0.95088,6.80013,6.67875,23.77885,87.97391,-96.50659,-97.58403,-2416.17956705881,-3.78755,10000000000.0,10000000000.0,7988560000.0,2025-08-25T18:54:16.374Z,0,0,0,0,0,0,,0
0vix-protocol,vix,0VIX Protocol,,0,,0vixProtocol,,,,,,79,,,,,,,,,,,,,,0.0,0.0,0.0,0.0,0.0,0.0,,,,,,,0,0,0,0,0,0,,0
0x,zrx,0x Protocol,ethereum,0,,zeroexprotocol,https://www.reddit.com/r/0xProject/,US,2017-08-11,100.0,0.0,55955,323,0.243258,2.5,2018-01-13T00:00:00.000Z,0.120667,2020-03-13T02:27:49.563Z,206369766.0,243246821.0,24441739.0,0.265959,0.242935,-0.020135133924304,-7.64451,-0.31787,-5.88292,-10.10415,15.00407,-17.64263,-29.58819,-17047042.8046935,-7.63015,1000000000.0,1000000000.0,848396562.906836,2025-08-25T18:54:14.514Z,507,1410,82,447,435,1802,,0
0x0-ai-ai-smart-contract,0x0,0x0.ai: AI Smart Contract,ethereum,0,,0x0exchange,,"",,100.0,0.0,39290,911,0.04519043,0.500356,2024-03-12T00:45:01.748Z,0.0002781,2023-02-01T14:29:44.928Z,40287246.0,40287246.0,295008.0,0.05124,0.04469199,-0.00596945012243342,-11.66822,-11.90716,-40.18359,-43.75572,-56.14062,-61.26263,-66.4509,-5314904.99134255,-11.65494,891250000.0,1000000000.0,891250000.0,2025-08-25T18:53:53.045Z,0,0,0,0,0,0,,0
0x678-landwolf-1933,wolf,Landwolf,ethereum,0,,678LandWolF933,,"",,,,62,,6.6778e-8,3.93e-6,2024-06-04T03:44:41.665Z,2.7253e-8,2024-08-05T01:13:37.959Z,0.0,28093.0,472.95,,,,,18.69408,18.69408,26.48753,40.74175,-14.75973,93.60859,,,420690000000.0,420690000000.0,0.0,2025-08-24T06:27:14.767Z,0,0,0,0,0,0,,0
0xgasless-2,0xgas,0xGasless,ethereum,0,,0xGasless,,"",,,,1330,2212,0.531437,1.39,2025-07-09T13:10:33.408Z,0.03713505,2024-09-18T16:06:08.792Z,5845811.0,5845811.0,12838.8,0.56565,0.512144,-0.0317480015443164,-5.63722,-16.60291,-30.2568,-44.03246,-42.63007,-17.77441,799.91995,-360558.826804323,-5.8095,11000000.0,11000000.0,11000000.0,2025-08-25T18:54:14.331Z,0,0,0,0,0,0,,0
0xgen,xgn,0xGen,ethereum,0,,,,,,,,67,7076,0.00029048,0.02022073,2024-07-22T23:24:40.575Z,0.00005993,2025-04-03T11:02:27.971Z,123765.0,290484.0,25002.0,0.00032999,0.00023219,0.00004689,19.2502,30.42024,2.44321,37.10454,71.17321,85.39175,-89.47974,19979.08,19.2502,1000000000.0,1000000000.0,426066755.0,2025-08-25T18:52:58.304Z,0,0,0,0,0,0,,0
0x-leverage,oxl,0x Leverage,ethereum,0,,0xleveragebot,,"",,,,2040,,0.00102307,0.01372763,2024-03-11T13:40:12.049Z,0.00032871,2025-05-26T03:22:08.270Z,0.0,1023751.0,4834.23,0.00114041,0.00102261,-0.000113166899638481,-9.95981,-5.61268,-7.36094,77.76873,65.57958,-37.83918,-74.72674,0.0,0.0,1000000000.0,1000000000.0,0.0,2025-08-25T18:54:17.127Z,0,0,0,0,0,0,,0
0xlsd,0xlsd,0xLSD,,0,,0xLSD_Official,,"",,,,400,,,,,,,,,,,,,,0.0,0.0,0.0,0.0,0.0,0.0,,,1000000.0,1000000.0,,,0,0,0,0,0,0,,0
0xmonk,monk,0xMonk by Virtuals,base,0,,monk_agent,,"",,,,235,2444,0.00447139,0.01200774,2025-01-16T20:15:55.780Z,0.0002053,2025-04-07T06:56:38.835Z,4468723.0,4468723.0,17211.18,0.00508291,0.00446872,-0.000542468552340666,-10.81937,4.80055,89.53263,596.22704,579.49581,330.76162,0.0,-545138.874242056,-10.87263,1000000000.0,1000000000.0,1000000000.0,2025-08-25T18:53:29.575Z,0,0,0,0,0,0,,0
0xprivacy,0xp,0xPrivacy,ethereum,0,,0xPrivacyETH,,,,,,33,10228,0.00013131,0.00394401,2024-10-19T08:10:13.218Z,0.00004606,2025-04-22T00:55:41.438Z,15757.0,15757.0,49.53,,,,,0.73194,34.20125,30.16886,101.20137,30.58194,0.0,,,120000000.0,120000000.0,120000000.0,2025-08-23T18:14:42.438Z,0,0,0,0,0,0,,0
0xshadow,0xs,0xShadow,ethereum,0,,ZeroXShadowETH,,,,,,83,5766,0.00306017,0.0056694,2025-06-25T18:49:48.526Z,0.00089793,2025-06-23T15:29:46.912Z,306052.0,306052.0,3175.89,0.00322383,0.00304431,-0.000131976517369904,-4.13442,69.01033,49.5328,12.91342,-29.31251,0.0,0.0,-14377.3730212511,-4.4869,100000000.0,100000000.0,100000000.0,2025-08-25T18:53:05.475Z,0,0,0,0,0,0,,0
0xsim-by-virtuals,sage,0xsim by Virtuals,base,0,,0xsim_agent,,,,,,143,3290,0.00202684,0.00919017,2025-01-02T15:10:43.776Z,0.00042127,2025-04-09T01:30:53.577Z,2026842.0,2026842.0,1.059,0.00221312,0.00202393,-0.000153699199044462,-7.04867,-6.3117,-18.33697,92.37466,206.63426,54.01334,0.0,-177260.344992733,-8.04229,1000000000.0,1000000000.0,1000000000.0,2025-08-25T18:33:55.793Z,0,0,0,0,0,0,,0
-10,loong,龙,solana,0,,loong_on_bonk,,"",,,,17,10066,0.00001751,0.00066437,2025-07-14T19:11:11.700Z,0.00001638,2025-08-22T13:22:42.104Z,17561.16,17561.16,21.58,0.00001917,0.00001743,-1.556589147569e-6,-8.16362,-4.16287,-29.16279,-51.39261,0.0,0.0,0.0,-1387.60785849785,-7.32295,999892493.876922,1000000000.0,999892493.876922,2025-08-25T18:50:39.948Z,0,0,0,0,0,0,,0
1000bonk,1000bonk,1000BONK,,0,,bonk_inu,,"",,,,461,,0.02078941,0.057188,2024-11-20T04:29:47.000Z,0.00499933,2024-01-02T15:11:42.343Z,0.0,1947743676799.0,1155304.0,0.02324652,0.02069246,-0.00228156018222156,-9.88931,-8.67104,-21.21451,-39.50251,60.25926,25.38407,-2.13177,0.0,0.0,93689234980611.55,,0.0,2025-08-25T18:48:26.345Z,0,0,0,0,0,0,,0
